{
    "items": [
        {
            "globalId": "GlobalObjectId_V1-2-f1c184c3d37e06b43a95c047bacf73c2-1934266343-0",
            "source": "builtin",
            "value": "Hierarchy Designer Folder Icon Scene"
        },
        {
            "globalId": "GlobalObjectId_V1-2-f1c184c3d37e06b43a95c047bacf73c2-1236882085-0",
            "source": "builtin",
            "value": "Hierarchy Designer Folder Icon Scene"
        },
        {
            "globalId": "GlobalObjectId_V1-2-c4465c6688e918c4c92985c82f7a5154-5327976868709728935-0",
            "source": "builtin",
            "value": "Hierarchy Designer Folder Icon Scene"
        },
        {
            "globalId": "GlobalObjectId_V1-2-c4465c6688e918c4c92985c82f7a5154-1902336062298883441-0",
            "source": "builtin",
            "value": "Hierarchy Designer Folder Icon Scene"
        },
        {
            "globalId": "GlobalObjectId_V1-2-453d87f9441543b49a02c3db0a14a9aa-1558331649-0",
            "source": "builtin",
            "value": "d_ParticleSystemForceField Icon"
        },
        {
            "globalId": "GlobalObjectId_V1-2-5e70a2455c1130045b877178f8045c4c-1769357923-0",
            "source": "builtin",
            "value": "d_Button Icon"
        },
        {
            "globalId": "GlobalObjectId_V1-2-17232593a1939f0468807275ad45b30f-6088232155438935510-0",
            "source": "builtin",
            "value": "d_BuildSettings.WebGL"
        },
        {
            "globalId": "GlobalObjectId_V1-2-c25859072ed3e0e49ba0d9e0b38ae101-343680399-0",
            "source": "builtin",
            "value": "d_Grid Icon"
        },
        {
            "globalId": "GlobalObjectId_V1-2-c25859072ed3e0e49ba0d9e0b38ae101-1942709899-0",
            "source": "builtin",
            "value": "d_Grid Icon"
        }
    ]
}