{
    "LayoutMode": 2,
    "TreeMode": 0,
    "EnableGameObjectMainIcon": false,
    "EnableGameObjectComponentIcons": false,
    "EnableHierarchyTree": false,
    "EnableGameObjectTag": false,
    "EnableGameObjectLayer": false,
    "EnableHierarchyRows": false,
    "EnableHierarchyLines": false,
    "EnableHierarchyButtons": false,
    "EnableHeaderUtilities": false,
    "EnableMajorShortcuts": false,
    "DisableHierarchyDesignerDuringPlayMode": false,
    "ExcludeFolderProperties": false,
    "ExcludedComponents": [
        "Transform",
        "RectTransform",
        "CanvasRenderer"
    ],
    "MaximumComponentIconsAmount": 10,
    "ExcludedTags": [
        "Untagged"
    ],
    "ExcludedLayers": [
        "Default"
    ]
}